󈏄#0,󈏄#1
󈏆#0,󈏆#1
󛱆#0
󛱇#0
󛱊#0,󛱊#1,󛱊#0
󛱐#0
󛱏#0
񡬸#0,񡬸#0,񡬹#0,񡬹#1,񡬹#0,񡬻#0,񡬻#0
񡬾#0,񡬾#1,񡬿#0
񗻦#0,񗻦#331982,񗻦#0,񡭂#0,񡭂#0,񡭃#0,񡭃#1,񡭄#0,񡭄#0
𿢇#0,𿢇#852198,𿢇#0,񡭆#0,񡭆#0,񡭇#0,񡭇#0,񡭈#0,񡭉#0,񡭉#0,񡭈#1,񡭊#0,񡭊#0,񡭋#0,񡭋#0
񦥃#0,񦥃#0,񦥄#1
񦥈#0,񦥈#0,񦥉#0,񦥉#0,񦥉#57611,񦥉#1,񫝢#0,񫝢#0,񫝣#0,񫝣#0,񫝤#0,񫝥#0,񫝥#0,񫝤#1,񫝦#0,񫝦#0,񫝧#0,񫝧#0
񫝪#0,񫝪#0,񫝫#0,񫝫#0,񫝬#0,񫝬#0,񫝬#165,񫝭#0,񫝭#0,񫝮#0,񫝮#0,񫝯#1,񫝯#0,񫝰#0,񫝰#0,񫝱#0,񫝱#0,񫝲#0,񫝲#0,񫝳#0,񫝳#0
񡬿#0,񡬿#281101,񡬿#0,񫝵#0,񫝵#0,񫝶#0,񫝶#0,񫝸#0,񫝷#0,񫝸#0,񫝷#1,񫝹#0,񫝹#0,񫝺#0,񫝺#0
񫝽#0,񫝽#0,񫝾#0,񫝾#1,񫝾#56482,񫝾#1,񰖂#0,񰖂#0,񰖃#0,񰖃#1,񰖄#0,񰖄#0
񵎣#0,񵎣#0,񵎤#1
񵎧#0,񵎧#1
񾿢#0,񾿢#2
򃸃#0,򃸃#1,򃸄#0
򃸈#0,򃸈#0,򃸊#0,򃸊#0,򃸋#0,򃸋#0,򃸌#0,򃸌#0,򃸍#0,򃸍#0,򃸎#0,򃸎#0
򃸄#0,򃸄#18,򃸄#0
򃸒#0,򃸒#0,򃸓#0
򃸗#0,򃸗#0,򃸘#0
򃸜#0,򃸜#0,򃸝#0
򃸡#0,򃸡#0,򃸣#0,򃸣#0,򃸤#0,򃸤#0,򃸥#0,򃸥#0,򃸦#0,򃸦#0,򃸧#0,򃸧#0
򃸘#0,򃸘#6377,򃸘#0
򃸫#0,򃸫#0,򃸭#0,򃸭#0,򃸮#0,򃸮#0,򃸯#0,򃸯#0,򃸰#0,򃸰#0,򃸱#0,򃸱#0
򃸓#0,򃸓#6426,򃸓#0
򃸝#0,򃸝#14612,򃸝#0,򃸴#0,򃸴#0,򃸵#0,򃸵#0,򃸶#0,򃸶#0
򈰣#0,򈰣#0,򈰤#1
򈰨#0,򈰨#0,򈰩#0
򈰤#0,򈰤#113,򈰤#0,򈰬#0,򈰬#0,򈰭#0,򈰭#1,򈰮#0,򈰮#0
򈰱#0,򈰱#0,򈰲#0
򈰶#0,򈰶#0,򈰸#0,򈰸#0,򈰹#0,򈰹#0,򈰺#1,򈰺#0,򈰻#0,򈰻#0,򈰼#0,򈰼#0
𰸊#0,𰸊#0
򈱀#0,򈱀#0,򈱂#0,򈱂#0,򈱃#0,򈱃#0,򈱄#0,򈱄#0,򈱅#0,򈱅#0,򈱆#0,򈱆#0
𿡶#0,𿡶#3265992,𿡶#0
򈱊#0,򈱊#0,򈱋#0
򈱏#0,򈱏#0,򈱐#0
𰸊#0
󍇣#0,󍇤#0
󒀃#0,󒀃#0,󒀄#0,󒀄#2,󒀄#0,󒀆#0,󒀆#0
󖸢#0
򈱔#0,򈱕#0,򈱕#0,򈱖#0,򈱖#0
򈰩#0,򈰩#137,򈰩#0,򈱘#0,򈱘#0,򈱙#0,򈱙#0,򈱚#0,򈱚#0
򈰲#0,򈰲#103,򈰲#1,򈱜#0,򈱜#0,򈱝#0,򈱝#0,򈱞#0,򈱞#0
򈱋#0,򈱋#83,򈱋#0,򈱠#0,򈱠#0,򈱡#0,򈱡#0,򈱢#0,򈱢#0
򒡣#0,򒡣#0,򒡤#0,򒡤#2,򒡤#0,򒡦#0,򒡦#0
򗚃#0,򗚃#0,򗚄#1
򗚈#0,򗚈#0,򗚉#0
򗚍#0,򗚍#0,򗚏#0,򗚏#0,򗚐#0,򗚐#0,򗚑#0,򗚑#0,򗚒#0,򗚒#0,򗚓#0,򗚓#0
򗚄#0,򗚄#192,򗚄#0
򗚗#0,򗚗#0,򗚘#0
򗚉#0,򗚉#14812,򗚉#0,򗚛#0,򗚛#0,򗚜#0,򗚜#0,򗚝#0,򗚝#0
򗚘#0,򗚘#14973,򗚘#0,򗚟#0,򗚟#0,򗚠#0,򗚠#0,򗚡#0,򗚡#0
򜒢#0,򜒢#1,򈱐#-604801,򈱐#621516,򈱐#0,򜒤#0,򜒤#0,򜒥#0,򜒥#0,򜒦#0,򜒦#0
򡋃#0,򡋃#0,򡋄#1,򡋄#1,򡋄#13946,򡋄#1,򡋇#0,򡋇#0,򡋈#0,򡋈#0,򡋉#0,򡋉#0
𬁵#0,𬁵#4165804,𬁵#0,򡋋#0,򡋋#0,򡋌#0,򡋌#1,򡋍#0,򡋍#0
𬁄#0,𬁄#4168112,𬁄#0,򡋏#0,򡋏#0,򡋐#0,򡋐#0,򡋑#0,򡋑#0
򦃣#0,򦃣#0,򦃤#0,򦃤#1,򦃤#41794,򦃤#1,򦃧#0,򦃧#0,򦃨#0,򦃨#0,򦃩#0,򦃩#0
򪼃#0,򪼃#0,򪼄#0,򯴢#604801,򯴢#2,򪼄#-604802,򪼄#604840,򪼄#0,򯴤#0,򯴤#0,򯴥#0,򯴥#0,򯴦#0,򯴦#0
񵎤#0,񵎤#3184282,񵎤#0,򯴨#0,򯴨#0,򯴩#0,򯴩#0,򯴪#0,򯴪#0
򴭃#0,򴭃#1,򴭄#0
򴭈#0,򴭈#0,򴭉#0
򴭍#0,򴭍#0,򴭎#0
򴭒#0,򴭒#0,򴭓#0
򹥣#0,򹥣#0,򹥤#0
򹥨#0,򹥨#0,򹥩#0
򹥭#0,򹥭#0,򹥮#0
򾞃#0,򾞃#0,򾞄#1
󍇣#0
󖸤#0,󖸤#0,󖸥#0
󖸢#0
󖸥#0
󠩣#0,󠩣#0,󠩤#0,󠩤#0,󠩤#314,󠩤#1,󠩧#0,󠩧#0,󠩨#0,󠩨#0,󠩩#0,󠩪#0,󠩪#0,󠩩#0,󠩫#0,󠩫#0,󠩬#0,󠩬#0
󛱖#0,󛱖#450918,󛱖#0,󠩮#0,󠩮#0,󠩯#0,󠩯#1,󠩰#0,󠩰#0
󠩳#0,󠩳#0,󠩴#0
󠩸#0,󠩸#0,󠩺#0,󠩺#0,󠩻#0,󠩻#0,󠩼#0,󠩼#0,󠩽#1,󠩽#0,󠩾#0,󠩾#0
󠩴#0,󠩴#14,󠩴#0
